<?xml version="1.0" encoding="utf-8"?>
<eml:eml xmlns:eml="https://eml.ecoinformatics.org/eml-2.2.0" xmlns:xsi="http://www.w3.org/2001/XMLSchema-instance"
         xsi:schemaLocation="https://eml.ecoinformatics.org/eml-2.2.0 https://rs.gbif.org/schema/eml-gbif-profile/1.3/eml.xsd"
packageId="10.15468/dl.thmxff"  system="http://gbif.org" scope="system"
xml:lang="en">
    <dataset>
        <alternateIdentifier>0010218-241126133413365</alternateIdentifier>
        <title>GBIF Occurrence Download 10.15468/dl.thmxff</title>
        <creator>
            <individualName>
                <surName>GBIF Download Service</surName>
            </individualName>
            <electronicMailAddress>support@gbif.org</electronicMailAddress>
        </creator>
        <metadataProvider>
            <individualName>
                <surName>GBIF Download Service</surName>
            </individualName>
            <electronicMailAddress>support@gbif.org</electronicMailAddress>
        </metadataProvider>
        <pubDate>
                2024-12-01
        </pubDate>
        <language>ENGLISH</language>
        <abstract>
            A dataset containing all occurrences available in GBIF matching the query:
{
  "and" : [
    "Geometry POLYGON((-106 39,-15 39,-15 41,-106 41,-106 39))",
    "TaxonKey is Picea pungens Engelm.",
    "Year 2015-2024"
  ]
}
The dataset includes records from the following constituent datasets. The full metadata for each constituent is also included in this archive:
8 records from Kathryn Kalmbach Herbarium
247 records from Pl@ntNet automatically identified occurrences
247 records from iNaturalist Research-grade Observations
6 records from DBG Tissue and DNA Bank
126 records from New York City Street Tree Census - 2015
9 records from Pl@ntNet observations

        </abstract>
        <contact>
            <individualName>
                <surName>GBIF Download Service</surName>
            </individualName>
            <electronicMailAddress>support@gbif.org</electronicMailAddress>
        </contact>

    </dataset>

    <additionalMetadata>
        <metadata>
            <gbif>
                <dateStamp>2024-12-01T19:11:19Z</dateStamp>
                <citation identifier="10.15468/dl.thmxff">GBIF Occurrence Download 10.15468/dl.thmxff</citation>
                <physical>
                    <objectName>Darwin Core Archive</objectName>
                    <characterEncoding>UTF-8</characterEncoding>
                    <dataFormat>
                        <externallyDefinedFormat>
                            <formatName>Darwin Core Archive</formatName>
                        </externallyDefinedFormat>
                    </dataFormat>
                    <distribution>
                        <online>
                            <url function="download">https://api.gbif.org/v1/occurrence/download/request/0010218-241126133413365.zip</url>
                        </online>
                    </distribution>
                </physical>
            </gbif>
        </metadata>
    </additionalMetadata>
    </eml:eml>
