<?xml version="1.0" encoding="utf-8"?>
<eml:eml xmlns:eml="https://eml.ecoinformatics.org/eml-2.2.0" xmlns:xsi="http://www.w3.org/2001/XMLSchema-instance"
         xsi:schemaLocation="https://eml.ecoinformatics.org/eml-2.2.0 https://rs.gbif.org/schema/eml-gbif-profile/1.3/eml.xsd"
packageId="5e4a4046-2946-465d-b15a-29ad9d70238d"  system="http://gbif.org" scope="system"
xml:lang="en">
    <dataset>
        <alternateIdentifier>10.15468/caz5u8</alternateIdentifier>
        <alternateIdentifier>https://ipt.vertnet.org/resource?r=tissue_and_dna_bank</alternateIdentifier>
        <alternateIdentifier>http://ipt.vertnet.org:8080/ipt/resource?r=tissue_and_dna_bank</alternateIdentifier>
        <alternateIdentifier>5e4a4046-2946-465d-b15a-29ad9d70238d</alternateIdentifier>
        <title>DBG Tissue and DNA Bank</title>
        <creator>
            <individualName>
                <givenName>Rick</givenName>
                <surName>Levy</surName>
            </individualName>
            <organizationName>Denver Botanic Gardens</organizationName>
            <positionName>Database Associate</positionName>
            <address>
                <deliveryPoint>909 York Street</deliveryPoint>
                <city>Denver</city>
                <administrativeArea>Colorado</administrativeArea>
                <postalCode>80204</postalCode>
                <country>UNITED_STATES</country>
            </address>
            <phone>1-720-865-3657</phone>
            <electronicMailAddress>richard.levy@botanicgardens.org</electronicMailAddress>
            <onlineUrl>https://www.botanicgardens.org/</onlineUrl>
            <userId directory="https://orcid.org/">0000-0002-4401-1380</userId>
        </creator>
        <metadataProvider>
            <individualName>
                <givenName>Rick</givenName>
                <surName>Levy</surName>
            </individualName>
            <organizationName>Denver Botanic Gardens</organizationName>
            <positionName>Database Associate</positionName>
            <address>
                <deliveryPoint>909 York Street</deliveryPoint>
                <city>Denver</city>
                <administrativeArea>Colorado</administrativeArea>
                <postalCode>80204</postalCode>
                <country>UNITED_STATES</country>
            </address>
            <phone>1-720-865-3657</phone>
            <electronicMailAddress>richard.levy@botanicgardens.org</electronicMailAddress>
            <onlineUrl>https://www.botanicgardens.org/</onlineUrl>
            <userId directory="https://orcid.org/">0000-0002-4401-1380</userId>
        </metadataProvider>
        <associatedParty>
            <individualName>
                <givenName>Rick</givenName>
                <surName>Levy</surName>
            </individualName>
            <organizationName>Denver Botanic Gardens</organizationName>
            <positionName>Database Associate</positionName>
            <address>
                <deliveryPoint>909 York Street</deliveryPoint>
                <city>Denver</city>
                <administrativeArea>Colorado</administrativeArea>
                <postalCode>80204</postalCode>
                <country>UNITED_STATES</country>
            </address>
            <phone>1-720-865-3657</phone>
            <electronicMailAddress>richard.levy@botanicgardens.org</electronicMailAddress>
            <onlineUrl>https://www.botanicgardens.org/</onlineUrl>
            <userId directory="https://orcid.org/">0000-0002-4401-1380</userId>
            <role>USER</role>
        </associatedParty>
        <pubDate>
                2024-11-20
        </pubDate>
        <language>ENGLISH</language>
        <abstract>
            <para>The Denver Botanic Gardens&amp;#39; Tissue and DNA Bank is primarily comprised of silica-gel dried plant tissue samples. Plants represented are typically from the Southern Rocky Mountain Region. Tissue samples are collected as part of floristic survey or population genetics study.</para>
        </abstract>
        <keywordSet>
            <keyword>Denver Botanic Gardens</keyword>
            <keyword>KHD</keyword>
            <keyword>DBG</keyword>
            <keyword>Kathryn Kalmbach</keyword>
            <keyword>GGI Gardens</keyword>
            <keyword>Occurrence</keyword>
            <keyword>GGBN</keyword>
            <keyword>Global Genome Initiative</keyword>
            <keywordThesaurus>GBIF Dataset Type Vocabulary: http://rs.gbif.org/vocabulary/gbif/dataset_type.xml</keywordThesaurus>
        </keywordSet>
        <keywordSet>
            <keyword>Specimen</keyword>
            <keyword>Tissue</keyword>
            <keywordThesaurus>GBIF Dataset Subtype Vocabulary: http://rs.gbif.org/vocabulary/gbif/dataset_subtype.xml</keywordThesaurus>
        </keywordSet>
        <keywordSet>
            <keyword>Occurrence</keyword>
            <keywordThesaurus>GBIF Dataset Type Vocabulary: http://rs.gbif.org/vocabulary/gbif/dataset_type_2015-07-10.xml</keywordThesaurus>
        </keywordSet>
        <additionalInfo>
            <para>We would like to thank Gabriele Dröge (BGBM) for her outstanding aid in creating this dataset.</para>
        </additionalInfo>
        <intellectualRights>
            <para>To the extent possible under law, the publisher has waived all rights to these data and has dedicated them to the <ulink url="http://creativecommons.org/publicdomain/zero/1.0/legalcode"><citetitle>Public Domain (CC0 1.0)</citetitle></ulink>. Users may copy, modify, distribute and use the work, including for commercial purposes, without restriction.</para>
        </intellectualRights>
        <licensed>
            <licenseName>Creative Commons Zero v1.0 Universal</licenseName>
            <url>https://spdx.org/licenses/CC0-1.0.html</url>
            <identifier>CC0-1.0</identifier>
        </licensed>
        <distribution scope="document">
            <online>
                <url function="information">http://www.botanicgardens.org</url>
            </online>
        </distribution>
        <distribution scope="document">
            <online>
                <url function="download">https://ipt.vertnet.org/archive.do?r=tissue_and_dna_bank</url>
            </online>
        </distribution>
        <coverage>
            <geographicCoverage>
                <geographicDescription>Colorado and the Southern Rocky Mountain Region</geographicDescription>
                <boundingCoordinates>
                    <westBoundingCoordinate>-116.895</westBoundingCoordinate>
                    <eastBoundingCoordinate>-99.316</eastBoundingCoordinate>
                    <northBoundingCoordinate>49.038</northBoundingCoordinate>
                    <southBoundingCoordinate>31.203</southBoundingCoordinate>
                </boundingCoordinates>
            </geographicCoverage>
            <taxonomicCoverage>
                <generalTaxonomicCoverage>Vascular Plants</generalTaxonomicCoverage>
                <taxonomicClassification>
                    <taxonRankName>Species</taxonRankName>
                    <taxonRankValue>Phacelia formosula</taxonRankValue>
                </taxonomicClassification>
                <taxonomicClassification>
                    <taxonRankName>Species</taxonRankName>
                    <taxonRankValue>Physaria congesta</taxonRankValue>
                </taxonomicClassification>
            </taxonomicCoverage>
        </coverage>
        <purpose><para>Provide biorepository data for Global Genomic Biodiversity Network</para></purpose>
        <maintenance>
            <description>
                <para></para>
            </description>
            <maintenanceUpdateFrequency>unkown</maintenanceUpdateFrequency>
        </maintenance>
        <contact>
            <individualName>
                <givenName>Rick</givenName>
                <surName>Levy</surName>
            </individualName>
            <organizationName>Denver Botanic Gardens</organizationName>
            <positionName>Database Associate</positionName>
            <address>
                <deliveryPoint>909 York Street</deliveryPoint>
                <city>Denver</city>
                <administrativeArea>Colorado</administrativeArea>
                <postalCode>80206</postalCode>
                <country>UNITED_STATES</country>
            </address>
            <phone>1-720-865-3657</phone>
            <electronicMailAddress>richard.levy@botanicgardens.org</electronicMailAddress>
            <onlineUrl>https://www.botanicgardens.org/</onlineUrl>
            <userId directory="https://orcid.org/">0000-0002-4401-1380</userId>
        </contact>
        <contact>
            <individualName>
                <givenName>Jennifer</givenName>
                <surName>Ramp-Neale</surName>
            </individualName>
            <organizationName>Denver Botanic Gardens</organizationName>
            <positionName>Director of Research and Conservation</positionName>
            <address>
                <deliveryPoint>909 York Street</deliveryPoint>
                <city>Denver</city>
                <administrativeArea>Colorado</administrativeArea>
                <postalCode>80206</postalCode>
                <country>UNITED_STATES</country>
            </address>
            <phone>1-720-865-3562</phone>
            <electronicMailAddress>nealeJR@botanicgardens.org</electronicMailAddress>
            <onlineUrl>https://www.botanicgardens.org/</onlineUrl>
            <userId directory="https://orcid.org/">0000-0002-3539-0083</userId>
        </contact>
        <methods>
            <methodStep>
                <description>
                    <para>Sample and Specimen Collection</para>
                </description>
            </methodStep>
            <sampling>
                <studyExtent>
                    <description>
                        <para>Colorado, United States of America</para>
                    </description>
                </studyExtent>
                <samplingDescription>
                    <para>Sample and Specimen Collection</para>
                </samplingDescription>
            </sampling>
        </methods>

            <project >
                <title>Denver Botanic Gardens Tissue and DNA Biorepository</title>
                <personnel>
                    <individualName>
                    <givenName>Jennifer</givenName>
                    <surName>Neale</surName>
                    </individualName>
            <userId directory="https://orcid.org/">0000-0002-3539-0083</userId>
                    <role>PRINCIPAL_INVESTIGATOR</role>
                </personnel>
                <abstract>
                    <para>The Denver Botanic Gardens’ herbaria and biorepository document vascular plant and fungal biodiversity in Colorado and the Southern Rocky Mountain Region.</para>
                </abstract>
                <funding>
                    <para></para>
                </funding>
            </project>
    </dataset>

    <additionalMetadata>
        <metadata>
            <gbif>
                <dateStamp>2024-12-01T19:11:18Z</dateStamp>
                <citation>Levy R (2024). DBG Tissue and DNA Bank. Version 1.11. VertNet. Occurrence dataset https://doi.org/10.15468/caz5u8 accessed via GBIF.org on 2024-12-01.</citation>
                <resourceLogoUrl>http://ipt.vertnet.org:8080/ipt/logo.do?r=tissue_and_dna_bank</resourceLogoUrl>
                <livingTimePeriod>Quaternary</livingTimePeriod>
            </gbif>
        </metadata>
    </additionalMetadata>
    </eml:eml>
