<?xml version="1.0" encoding="utf-8"?>
<eml:eml xmlns:eml="https://eml.ecoinformatics.org/eml-2.2.0" xmlns:xsi="http://www.w3.org/2001/XMLSchema-instance"
         xsi:schemaLocation="https://eml.ecoinformatics.org/eml-2.2.0 https://rs.gbif.org/schema/eml-gbif-profile/1.3/eml.xsd"
packageId="d1e9202b-7300-4712-868c-d25133fb6f08"  system="http://gbif.org" scope="system"
xml:lang="en">
    <dataset>
        <alternateIdentifier>10.15468/u3rrru</alternateIdentifier>
        <alternateIdentifier>d1e9202b-7300-4712-868c-d25133fb6f08</alternateIdentifier>
        <alternateIdentifier>https://bison.usgs.gov/ipt/resource?r=nycity-tree-census-2015</alternateIdentifier>
        <title>New York City Street Tree Census - 2015</title>
        <creator>
            <individualName>
                <surName>The City of New York</surName>
            </individualName>
            <organizationName>NYC Parks and Recreation</organizationName>
            <positionName>-</positionName>
            <address>
                <deliveryPoint>1 E 104th St</deliveryPoint>
                <city>New York</city>
                <administrativeArea>NY</administrativeArea>
                <postalCode>10029</postalCode>
                <country>UNITED_STATES</country>
            </address>
            <onlineUrl>https://www.nycgovparks.org/</onlineUrl>
        </creator>
        <creator>
            <individualName>
                <givenName>Annie</givenName>
                <surName>Simpson</surName>
            </individualName>
            <organizationName>USGS Core Science Systems</organizationName>
            <positionName>biologist &amp; information scientist</positionName>
            <address>
                <deliveryPoint>12201 Sunrise Valley Dr</deliveryPoint>
                <city>Reston</city>
                <administrativeArea>VA</administrativeArea>
                <postalCode>20192</postalCode>
                <country>UNITED_STATES</country>
            </address>
            <phone>17036484281</phone>
            <electronicMailAddress>asimpson@usgs.gov</electronicMailAddress>
            <userId directory="http://orcid.org/">0000-0001-8338-5134</userId>
        </creator>
        <metadataProvider>
            <individualName>
                <givenName>Annie</givenName>
                <surName>Simpson</surName>
            </individualName>
            <organizationName>USGS Core Science Systems</organizationName>
            <positionName>biologist and information scientist</positionName>
            <address>
                <deliveryPoint>12201 Sunrise Valley Dr</deliveryPoint>
                <city>Reston</city>
                <administrativeArea>VA</administrativeArea>
                <postalCode>20192</postalCode>
                <country>UNITED_STATES</country>
            </address>
            <phone>17036484281</phone>
            <electronicMailAddress>asimpson@usgs.gov</electronicMailAddress>
            <userId directory="http://orcid.org/">0000-0001-8338-5134</userId>
        </metadataProvider>
        <pubDate>
                2022-12-29
        </pubDate>
        <language>ENGLISH</language>
        <abstract>
            New York City’s tree inventory includes 592,130 publicly managed street trees. This represents 584,036 live trees and 8,036 standing dead trees tallied over the course of two summer inventory periods. The inventory contains 168 tree species with London planetree (Platanus acerifolia), Norway maple (Acer platanoides), callery pear (Pyrus calleryana), honeylocust (Gleditsia triacanthos) and pin oak (Quercus palustris) as the predominant species. 2015 Street Tree Census, conducted by volunteers and staff organized by NYC Parks &amp; Recreation and partner organizations. Tree data collected includes tree species, diameter and perception of health. Ref: https://data.cityofnewyork.us/Environment/2015-Street-Tree-Census-Tree-Data/uvpi-gqnh/data See also: https://www.nycgovparks.org/trees/treescount
        </abstract>
        <keywordSet>
            <keyword>Metadata</keyword>
            <keyword>occurrence</keyword>
            <keywordThesaurus>GBIF Dataset Type Vocabulary: http://rs.gbif.org/vocabulary/gbif/dataset_type.xml</keywordThesaurus>
        </keywordSet>
        <keywordSet>
            <keyword>Metadata</keyword>
            <keywordThesaurus>GBIF Dataset Type Vocabulary: http://rs.gbif.org/vocabulary/gbif/dataset_type_2015-07-10.xml</keywordThesaurus>
        </keywordSet>
        <additionalInfo>
            <para>DwC term - original dataset term (from StreetTreeCensus2015TreesDataDictionary20161102.pdf):

scientificName - derived from &apos;providedScientificName&apos; based on https://itis.gov
taxonRemarks = spa_latin
taxonRank - derived during data processing
basisOfRecord - derived during data processing
recordNumber = tree_id
recordedBy = user_type
decimalLatitude = latitude
decimalLongitude = longitude
county - derived from boroname
stateProvince = state
occurrenceRemarks - derived from tree_dbh (tree diameter at breast height)
occurrenceStatus = health: Alive, Dead, Stump
organismRemarks (recordRemarks) = health: Good, Fair, Poor
vernacularName = spc_common
kingdom - derived during munging
geodeticDatum - derived from metadata
verbatimLocality - derived from address
locationRemarks - derived from zip code
municipality = zip_city
locality - derived from nth_name
countryCode - derived during data processing
license - derived from metadata</para>
        </additionalInfo>
        <intellectualRights>
            <para>To the extent possible under law, the publisher has waived all rights to these data and has dedicated them to the <ulink url="http://creativecommons.org/publicdomain/zero/1.0/legalcode"><citetitle>Public Domain (CC0 1.0)</citetitle></ulink>. Users may copy, modify, distribute and use the work, including for commercial purposes, without restriction.</para>
        </intellectualRights>
        <licensed>
            <licenseName>Creative Commons Zero v1.0 Universal</licenseName>
            <url>https://spdx.org/licenses/CC0-1.0.html</url>
            <identifier>CC0-1.0</identifier>
        </licensed>
        <distribution scope="document">
            <online>
                <url function="information">https://data.cityofnewyork.us/Environment/2015-Street-Tree-Census-Tree-Data/pi5s-9p35</url>
            </online>
        </distribution>
        <distribution scope="document">
            <online>
                <url function="download">https://ipt.gbif.us/archive.do?r=nycity-tree-census-2015</url>
            </online>
        </distribution>
        <coverage>
            <geographicCoverage>
                <geographicDescription>New York City&apos;s five boroughs: Brooklyn, Manhattan, Queens, The Bronx, and Staten Island.</geographicDescription>
                <boundingCoordinates>
                    <westBoundingCoordinate>-74</westBoundingCoordinate>
                    <eastBoundingCoordinate>-73.717</eastBoundingCoordinate>
                    <northBoundingCoordinate>40.906</northBoundingCoordinate>
                    <southBoundingCoordinate>40.499</southBoundingCoordinate>
                </boundingCoordinates>
            </geographicCoverage>
            <temporalCoverage>
                <rangeOfDates>
                    <beginDate>
                        <calendarDate>                2015-05-19
</calendarDate>
                    </beginDate>
                    <endDate>
                        <calendarDate>                2016-10-05
</calendarDate>
                    </endDate>
                </rangeOfDates>
            </temporalCoverage>
            <taxonomicCoverage>
                <generalTaxonomicCoverage>Woody trees (angiosperms and gymnosperms), of 131 distinct taxa, at genus, species, or subspecies levels.</generalTaxonomicCoverage>
                <taxonomicClassification>
                    <taxonRankValue>Acer rubrum</taxonRankValue>
                </taxonomicClassification>
                <taxonomicClassification>
                    <taxonRankValue>Quercus palustris</taxonRankValue>
                </taxonomicClassification>
                <taxonomicClassification>
                    <taxonRankValue>Gleditsia triacanthos inermis</taxonRankValue>
                </taxonomicClassification>
                <taxonomicClassification>
                    <taxonRankValue>Tilia americana</taxonRankValue>
                </taxonomicClassification>
                <taxonomicClassification>
                    <taxonRankValue>Platanus acerifolia</taxonRankValue>
                </taxonomicClassification>
                <taxonomicClassification>
                    <taxonRankValue>Ginkgo biloba</taxonRankValue>
                </taxonomicClassification>
                <taxonomicClassification>
                    <taxonRankValue>Quercus phellos</taxonRankValue>
                </taxonomicClassification>
                <taxonomicClassification>
                    <taxonRankValue>Acer pseudoplatanus</taxonRankValue>
                </taxonomicClassification>
                <taxonomicClassification>
                    <taxonRankValue>Acer ginnala</taxonRankValue>
                </taxonomicClassification>
                <taxonomicClassification>
                    <taxonRankValue>Acer campestre</taxonRankValue>
                </taxonomicClassification>
                <taxonomicClassification>
                    <taxonRankValue>Ulmus americana</taxonRankValue>
                </taxonomicClassification>
                <taxonomicClassification>
                    <taxonRankValue>Fraxinus</taxonRankValue>
                </taxonomicClassification>
                <taxonomicClassification>
                    <taxonRankValue>Malus</taxonRankValue>
                </taxonomicClassification>
                <taxonomicClassification>
                    <taxonRankValue>Acer saccharinum</taxonRankValue>
                </taxonomicClassification>
                <taxonomicClassification>
                    <taxonRankValue>Corylus colurna</taxonRankValue>
                </taxonomicClassification>
                <taxonomicClassification>
                    <taxonRankValue>Prunus serotina</taxonRankValue>
                </taxonomicClassification>
                <taxonomicClassification>
                    <taxonRankValue>Juniperus virginiana</taxonRankValue>
                </taxonomicClassification>
                <taxonomicClassification>
                    <taxonRankValue>Acer platanoides</taxonRankValue>
                </taxonomicClassification>
                <taxonomicClassification>
                    <taxonRankValue>Liriodendron tulipifera</taxonRankValue>
                </taxonomicClassification>
                <taxonomicClassification>
                    <taxonRankValue>Quercus acutissima</taxonRankValue>
                </taxonomicClassification>
                <taxonomicClassification>
                    <taxonRankValue>Styphnolobium japonicum</taxonRankValue>
                </taxonomicClassification>
                <taxonomicClassification>
                    <taxonRankValue>Quercus bicolor</taxonRankValue>
                </taxonomicClassification>
                <taxonomicClassification>
                    <taxonRankValue>Chionanthus retusus</taxonRankValue>
                </taxonomicClassification>
                <taxonomicClassification>
                    <taxonRankValue>Magnolia grandiflora</taxonRankValue>
                </taxonomicClassification>
                <taxonomicClassification>
                    <taxonRankValue>Liquidambar styraciflua</taxonRankValue>
                </taxonomicClassification>
                <taxonomicClassification>
                    <taxonRankValue>Pyrus calleryana</taxonRankValue>
                </taxonomicClassification>
                <taxonomicClassification>
                    <taxonRankValue>Quercus coccinea</taxonRankValue>
                </taxonomicClassification>
                <taxonomicClassification>
                    <taxonRankValue>Chamaecyparis thyoides</taxonRankValue>
                </taxonomicClassification>
                <taxonomicClassification>
                    <taxonRankValue>Quercus velutina</taxonRankValue>
                </taxonomicClassification>
                <taxonomicClassification>
                    <taxonRankValue>Zelkova serrata</taxonRankValue>
                </taxonomicClassification>
                <taxonomicClassification>
                    <taxonRankValue>Quercus alba</taxonRankValue>
                </taxonomicClassification>
                <taxonomicClassification>
                    <taxonRankValue>Aesculus glabra</taxonRankValue>
                </taxonomicClassification>
                <taxonomicClassification>
                    <taxonRankValue>Quercus rubra</taxonRankValue>
                </taxonomicClassification>
                <taxonomicClassification>
                    <taxonRankValue>Tilia tomentosa</taxonRankValue>
                </taxonomicClassification>
                <taxonomicClassification>
                    <taxonRankValue>Carya glabra</taxonRankValue>
                </taxonomicClassification>
                <taxonomicClassification>
                    <taxonRankValue>Cladrastis kentukea</taxonRankValue>
                </taxonomicClassification>
                <taxonomicClassification>
                    <taxonRankValue>Morus</taxonRankValue>
                </taxonomicClassification>
                <taxonomicClassification>
                    <taxonRankValue>Pseudotsuga menziesii</taxonRankValue>
                </taxonomicClassification>
                <taxonomicClassification>
                    <taxonRankValue>Lagerstroemia</taxonRankValue>
                </taxonomicClassification>
                <taxonomicClassification>
                    <taxonRankValue>Sassafras albidum</taxonRankValue>
                </taxonomicClassification>
                <taxonomicClassification>
                    <taxonRankValue>Picea</taxonRankValue>
                </taxonomicClassification>
                <taxonomicClassification>
                    <taxonRankValue>Ulmus parvifolia</taxonRankValue>
                </taxonomicClassification>
                <taxonomicClassification>
                    <taxonRankValue>Aesculus hippocastanum</taxonRankValue>
                </taxonomicClassification>
                <taxonomicClassification>
                    <taxonRankValue>Ilex</taxonRankValue>
                </taxonomicClassification>
                <taxonomicClassification>
                    <taxonRankValue>Tilia cordata</taxonRankValue>
                </taxonomicClassification>
                <taxonomicClassification>
                    <taxonRankValue>Pinus strobus</taxonRankValue>
                </taxonomicClassification>
                <taxonomicClassification>
                    <taxonRankValue>Nyssa sylvatica</taxonRankValue>
                </taxonomicClassification>
                <taxonomicClassification>
                    <taxonRankValue>Syringa reticulata</taxonRankValue>
                </taxonomicClassification>
                <taxonomicClassification>
                    <taxonRankValue>Eucommia ulmoides</taxonRankValue>
                </taxonomicClassification>
                <taxonomicClassification>
                    <taxonRankValue>Fraxinus pennsylvanica</taxonRankValue>
                </taxonomicClassification>
                <taxonomicClassification>
                    <taxonRankValue>Quercus robur</taxonRankValue>
                </taxonomicClassification>
                <taxonomicClassification>
                    <taxonRankValue>Fraxinus americana</taxonRankValue>
                </taxonomicClassification>
                <taxonomicClassification>
                    <taxonRankValue>Koelreuteria paniculata</taxonRankValue>
                </taxonomicClassification>
                <taxonomicClassification>
                    <taxonRankValue>Quercus shumardii</taxonRankValue>
                </taxonomicClassification>
                <taxonomicClassification>
                    <taxonRankValue>Ulmus pumila</taxonRankValue>
                </taxonomicClassification>
                <taxonomicClassification>
                    <taxonRankValue>Juglans nigra</taxonRankValue>
                </taxonomicClassification>
                <taxonomicClassification>
                    <taxonRankValue>Salix babylonica</taxonRankValue>
                </taxonomicClassification>
                <taxonomicClassification>
                    <taxonRankValue>Cercidiphyllum japonicum</taxonRankValue>
                </taxonomicClassification>
                <taxonomicClassification>
                    <taxonRankValue>Robinia pseudoacacia</taxonRankValue>
                </taxonomicClassification>
                <taxonomicClassification>
                    <taxonRankValue>Parrotia persica</taxonRankValue>
                </taxonomicClassification>
                <taxonomicClassification>
                    <taxonRankValue>Cornus mas</taxonRankValue>
                </taxonomicClassification>
                <taxonomicClassification>
                    <taxonRankValue>Castanea mollissima</taxonRankValue>
                </taxonomicClassification>
                <taxonomicClassification>
                    <taxonRankValue>Quercus falcata</taxonRankValue>
                </taxonomicClassification>
                <taxonomicClassification>
                    <taxonRankValue>Prunus</taxonRankValue>
                </taxonomicClassification>
                <taxonomicClassification>
                    <taxonRankValue>Prunus cerasifera</taxonRankValue>
                </taxonomicClassification>
                <taxonomicClassification>
                    <taxonRankValue>Gymnocladus dioicus</taxonRankValue>
                </taxonomicClassification>
                <taxonomicClassification>
                    <taxonRankValue>Styrax japonicus</taxonRankValue>
                </taxonomicClassification>
                <taxonomicClassification>
                    <taxonRankValue>Acer saccharum</taxonRankValue>
                </taxonomicClassification>
                <taxonomicClassification>
                    <taxonRankValue>Thuja occidentalis</taxonRankValue>
                </taxonomicClassification>
                <taxonomicClassification>
                    <taxonRankValue>Cercis reniformis</taxonRankValue>
                </taxonomicClassification>
                <taxonomicClassification>
                    <taxonRankValue>Ailanthus altissima</taxonRankValue>
                </taxonomicClassification>
                <taxonomicClassification>
                    <taxonRankValue>Syringa pekinensis</taxonRankValue>
                </taxonomicClassification>
                <taxonomicClassification>
                    <taxonRankValue>Carpinus caroliniana</taxonRankValue>
                </taxonomicClassification>
                <taxonomicClassification>
                    <taxonRankValue>Populus deltoides</taxonRankValue>
                </taxonomicClassification>
                <taxonomicClassification>
                    <taxonRankValue>Tsuga canadensis</taxonRankValue>
                </taxonomicClassification>
                <taxonomicClassification>
                    <taxonRankValue>Betula pendula</taxonRankValue>
                </taxonomicClassification>
                <taxonomicClassification>
                    <taxonRankValue>Cedrus atlantica</taxonRankValue>
                </taxonomicClassification>
                <taxonomicClassification>
                    <taxonRankValue>Paulownia tomentosa</taxonRankValue>
                </taxonomicClassification>
                <taxonomicClassification>
                    <taxonRankValue>Crataegus</taxonRankValue>
                </taxonomicClassification>
                <taxonomicClassification>
                    <taxonRankValue>Prunus virginiana</taxonRankValue>
                </taxonomicClassification>
                <taxonomicClassification>
                    <taxonRankValue>Catalpa</taxonRankValue>
                </taxonomicClassification>
                <taxonomicClassification>
                    <taxonRankValue>Betula nigra</taxonRankValue>
                </taxonomicClassification>
                <taxonomicClassification>
                    <taxonRankValue>Acer negundo</taxonRankValue>
                </taxonomicClassification>
                <taxonomicClassification>
                    <taxonRankValue>Fagus sylvatica</taxonRankValue>
                </taxonomicClassification>
                <taxonomicClassification>
                    <taxonRankValue>Picea abies</taxonRankValue>
                </taxonomicClassification>
                <taxonomicClassification>
                    <taxonRankValue>Cedrus deodara</taxonRankValue>
                </taxonomicClassification>
                <taxonomicClassification>
                    <taxonRankValue>Phellodendron amurense</taxonRankValue>
                </taxonomicClassification>
                <taxonomicClassification>
                    <taxonRankValue>Acer palmatum</taxonRankValue>
                </taxonomicClassification>
                <taxonomicClassification>
                    <taxonRankValue>Quercus imbricaria</taxonRankValue>
                </taxonomicClassification>
                <taxonomicClassification>
                    <taxonRankValue>Magnolia</taxonRankValue>
                </taxonomicClassification>
                <taxonomicClassification>
                    <taxonRankValue>Cotinus coggygria</taxonRankValue>
                </taxonomicClassification>
                <taxonomicClassification>
                    <taxonRankValue>Betula papyrifera</taxonRankValue>
                </taxonomicClassification>
                <taxonomicClassification>
                    <taxonRankValue>Fagus grandifolia</taxonRankValue>
                </taxonomicClassification>
                <taxonomicClassification>
                    <taxonRankValue>Ostrya virginiana</taxonRankValue>
                </taxonomicClassification>
                <taxonomicClassification>
                    <taxonRankValue>Larix laricina</taxonRankValue>
                </taxonomicClassification>
                <taxonomicClassification>
                    <taxonRankValue>Taxodium ascendens</taxonRankValue>
                </taxonomicClassification>
                <taxonomicClassification>
                    <taxonRankValue>Crataegus crusgalli inermis</taxonRankValue>
                </taxonomicClassification>
                <taxonomicClassification>
                    <taxonRankValue>Metasequoia glyptostroboides</taxonRankValue>
                </taxonomicClassification>
                <taxonomicClassification>
                    <taxonRankValue>Celtis occidentalis</taxonRankValue>
                </taxonomicClassification>
                <taxonomicClassification>
                    <taxonRankValue>Cornus florida</taxonRankValue>
                </taxonomicClassification>
                <taxonomicClassification>
                    <taxonRankValue>Cornus kousa</taxonRankValue>
                </taxonomicClassification>
                <taxonomicClassification>
                    <taxonRankValue>Acer</taxonRankValue>
                </taxonomicClassification>
                <taxonomicClassification>
                    <taxonRankValue>Cercis canadensis</taxonRankValue>
                </taxonomicClassification>
                <taxonomicClassification>
                    <taxonRankValue>Taxodium distichum</taxonRankValue>
                </taxonomicClassification>
                <taxonomicClassification>
                    <taxonRankValue>Magnolia acuminata</taxonRankValue>
                </taxonomicClassification>
                <taxonomicClassification>
                    <taxonRankValue>Amelanchier</taxonRankValue>
                </taxonomicClassification>
                <taxonomicClassification>
                    <taxonRankValue>Maclura pomifera</taxonRankValue>
                </taxonomicClassification>
                <taxonomicClassification>
                    <taxonRankValue>Acer griseum</taxonRankValue>
                </taxonomicClassification>
                <taxonomicClassification>
                    <taxonRankValue>Pinus resinosa</taxonRankValue>
                </taxonomicClassification>
                <taxonomicClassification>
                    <taxonRankValue>Pinus sylvestris</taxonRankValue>
                </taxonomicClassification>
                <taxonomicClassification>
                    <taxonRankValue>Acer tataricum</taxonRankValue>
                </taxonomicClassification>
                <taxonomicClassification>
                    <taxonRankValue>Acer nigrum</taxonRankValue>
                </taxonomicClassification>
                <taxonomicClassification>
                    <taxonRankValue>Picea pungens</taxonRankValue>
                </taxonomicClassification>
                <taxonomicClassification>
                    <taxonRankValue>Populus tremuloides</taxonRankValue>
                </taxonomicClassification>
                <taxonomicClassification>
                    <taxonRankValue>Aesculus carnea</taxonRankValue>
                </taxonomicClassification>
                <taxonomicClassification>
                    <taxonRankValue>Pinus nigra</taxonRankValue>
                </taxonomicClassification>
                <taxonomicClassification>
                    <taxonRankValue>Acer truncatum</taxonRankValue>
                </taxonomicClassification>
                <taxonomicClassification>
                    <taxonRankValue>Alnus glutinosa</taxonRankValue>
                </taxonomicClassification>
                <taxonomicClassification>
                    <taxonRankValue>Maackia amurensis</taxonRankValue>
                </taxonomicClassification>
                <taxonomicClassification>
                    <taxonRankValue>Carpinus betulus</taxonRankValue>
                </taxonomicClassification>
                <taxonomicClassification>
                    <taxonRankValue>Quercus macrocarpa</taxonRankValue>
                </taxonomicClassification>
                <taxonomicClassification>
                    <taxonRankValue>Populus grandidentata</taxonRankValue>
                </taxonomicClassification>
                <taxonomicClassification>
                    <taxonRankValue>Acer buergerianum</taxonRankValue>
                </taxonomicClassification>
                <taxonomicClassification>
                    <taxonRankValue>Pinus virginiana</taxonRankValue>
                </taxonomicClassification>
                <taxonomicClassification>
                    <taxonRankValue>Cornus alternifolia</taxonRankValue>
                </taxonomicClassification>
                <taxonomicClassification>
                    <taxonRankValue>Carpinus japonica</taxonRankValue>
                </taxonomicClassification>
                <taxonomicClassification>
                    <taxonRankValue>Pinus</taxonRankValue>
                </taxonomicClassification>
                <taxonomicClassification>
                    <taxonRankValue>Halesia diptera</taxonRankValue>
                </taxonomicClassification>
                <taxonomicClassification>
                    <taxonRankValue>Chamaecyparis pisifera</taxonRankValue>
                </taxonomicClassification>
                <taxonomicClassification>
                    <taxonRankValue>Pinus rigida</taxonRankValue>
                </taxonomicClassification>
                <taxonomicClassification>
                    <taxonRankValue>Albizia julibrissin</taxonRankValue>
                </taxonomicClassification>
            </taxonomicCoverage>
        </coverage>
        <maintenance>
            <description>
                <para></para>
            </description>
            <maintenanceUpdateFrequency>notPlanned</maintenanceUpdateFrequency>
        </maintenance>
        <contact>
            <individualName>
                <surName>The City of New York</surName>
            </individualName>
            <organizationName>NYC Parks and Recreation</organizationName>
            <positionName>-</positionName>
            <address>
                <city>New York</city>
                <administrativeArea>NY</administrativeArea>
                <country>UNITED_STATES</country>
            </address>
            <onlineUrl>https://www.nycgovparks.org/</onlineUrl>
        </contact>
        <contact>
            <individualName>
                <givenName>Jeffrey J.</givenName>
                <surName>Watson</surName>
            </individualName>
            <organizationName>NY City Parks and Recreation</organizationName>
            <positionName>Director of GIS and Analytics</positionName>
            <address>
                <deliveryPoint>Olmstead Center, Flushing Meadows Corona Park</deliveryPoint>
                <city>Flushing</city>
                <administrativeArea>New York</administrativeArea>
                <postalCode>11368</postalCode>
                <country>UNITED_STATES</country>
            </address>
            <electronicMailAddress>Jeffrey.Watson@parks.nyc.gov</electronicMailAddress>
        </contact>

            <project id="https://data.cityofnewyork.us/Environment/2015-Street-Tree-Census-Tree-Data/pi5s-9p35">
                <title>New York City Tree Census - 2015</title>
                <personnel>
                    <individualName>
                    <surName>The City of New York</surName>
                    </individualName>
                    <role>CONTENT_PROVIDER</role>
                </personnel>
                <abstract>
                    <para>Street tree data from the 2015 Street Tree Census, conducted by volunteers and staff organized by NYC Parks and Recreation and their partner organizations. Tree data collected includes tree species, diameter, and perception of health. The data was made public on 2016-06-03.</para>
                </abstract>
                <funding>
                    <para>Funded by NYC Parks and Recreation and partner organizations.</para>
                </funding>
                <studyAreaDescription>
                    <descriptor name="generic" citableClassificationSystem="false">
                        <descriptorValue>The five boroughs of New York City: Brooklyn, Manhattan, Queens, The Bronx, and Staten Island.</descriptorValue>
                    </descriptor>
                </studyAreaDescription>
                <designDescription>
                    <description>
                        <para>Participants used guidance provided by this data dictionary:
https://data.cityofnewyork.us/api/views/pi5s-9p35/files/2e1e0292-20b4-4678-bea5-6936180074b3?download=true&amp;filename=StreetTreeCensus2015TreesDataDictionary20161102.pdf</para>
                    </description>
                </designDescription>
            </project>
    </dataset>

    <additionalMetadata>
        <metadata>
            <gbif>
                <dateStamp>2024-12-01T19:11:18Z</dateStamp>
                <citation identifier="https://data.cityofnewyork.us/Environment/2015-Street-Tree-Census-Tree-Data/pi5s-9p35">The City of New York, Simpson A (2022). New York City Street Tree Census - 2015. United States Geological Survey. Occurrence dataset https://doi.org/10.15468/u3rrru accessed via GBIF.org on 2024-12-01.</citation>
                <bibliography>
                <citation identifier="https://data.cityofnewyork.us/api/views/pi5s-9p35/files/2e1e0292-20b4-4678-bea5-6936180074b3?download=true&amp;filename=StreetTreeCensus2015TreesDataDictionary20161102.pdf">The City of New York, Department of Parks and Recreation (2016) Data Dictionary for the 2015 Street Tree Census. NYC Open Data. https://data.cityofnewyork.us/api/views/pi5s-9p35/files/2e1e0292-20b4-4678-bea5-6936180074b3?download=true&amp;filename=StreetTreeCensus2015TreesDataDictionary20161102.pdf</citation>
                </bibliography>
                <resourceLogoUrl>https://data.cityofnewyork.us/api/assets/3FF54443-CD9C-4E56-8A20-8D2BD245BD1A?nyclogo300.png</resourceLogoUrl>
            </gbif>
        </metadata>
    </additionalMetadata>
    </eml:eml>
